Handle,SKU,Name,Category,Description,Sold by weight,Option 1 name,Option 1 value,Option 2 name,Option 2 value,Option 3 name,Option 3 value,Cost,Barcode,SKU of included item,Quantity of included item,Track stock,Available for sale [SUSHI FUJI],Price [SUSHI FUJI],In stock [SUSHI FUJI],Low stock [SUSHI FUJI]
anguille,10038,Anguille,MAKI ( 6 PIÈCES ),,N,,,,,,,0.00,,,,N,Y,5.50,,
anguille-grillée,10012,Anguille grillée,SUSHI ( PAR PIÈCE ),,N,,,,,,,0.00,,,,N,Y,2.50,,
anguille-roll,10114,Anguille roll,SPÉCIAL ROLL ( 8 PIÈCES ),<p>( anguille-grill&eacute;e cheese crevette avocat asperge masago&nbsp;)</p>,N,,,,,,,0.00,,,,N,Y,12.90,,
asperge,10043,Asperge,MAKI ( 6 PIÈCES ),,N,,,,,,,0.00,,,,N,Y,5.20,,
avocat,10014,Avocat,SUSHI ( PAR PIÈCE ),,N,,,,,,,0.00,,,,N,Y,1.90,,
avocat-1,10032,Avocat,MAKI ( 6 PIÈCES ),,N,,,,,,,0.00,,,,N,Y,4.20,,
bière-(iki-bio)-33cl,10191,Bière (IKI Bio) 33cl,BOISSONS,,N,,,,,,,0.00,,,,N,Y,4.50,,
bière-asahi-33cl,10188,Bière Asahi 33cl,BOISSONS,,N,,,,,,,0.00,,,,N,Y,4.50,,
bière-kirin-33cl,10189,Bière Kirin 33cl,BOISSONS,,N,,,,,,,0.00,,,,N,Y,4.50,,
bière-sapporo-33cl,10190,Bière Sapporo 33cl,BOISSONS,,N,,,,,,,0.00,,,,N,Y,4.50,,
boule-de-sésame-6pcs,10156,Boule de sésame 6pcs,ENTRÉE,,N,,,,,,,0.00,,,,N,Y,5.80,,
brochette-crevette-2pcs,10155,Brochette crevette 2pcs,ENTRÉE,,N,,,,,,,0.00,,,,N,Y,8.50,,
cana-roll,10120,Cana roll,SPÉCIAL ROLL ( 8 PIÈCES ),<p>( canard-laqu&eacute; concombre ciboulette )</p>,N,,,,,,,0.00,,,,N,Y,11.90,,
carotte,10048,Carotte,MAKI ( 6 PIÈCES ),,N,,,,,,,0.00,,,,N,Y,4.00,,
cheese,10030,Cheese,MAKI ( 6 PIÈCES ),,N,,,,,,,0.00,,,,N,Y,4.80,,
cheese-1,10133,Cheese,TULIPE ( PAR PIÈCE ),,N,,,,,,,0.00,,,,N,Y,2.00,,
cheese-concombre,10034,Cheese concombre,MAKI ( 6 PIÈCES ),,N,,,,,,,0.00,,,,N,Y,4.40,,
cheese-concombre-1,10063,Cheese concombre,SPRING ROLLS ( 6 PIÈCES),,N,,,,,,,0.00,,,,N,Y,5.00,,
cheese-tamago,10039,Cheese tamago,MAKI ( 6 PIÈCES ),,N,,,,,,,0.00,,,,N,Y,4.80,,
cheese-coco-mangue,10066,Cheese-coco mangue,SPRING ROLLS ( 6 PIÈCES),,N,,,,,,,0.00,,,,N,Y,5.00,,
chesse-avocat,10047,Chesse avocat,MAKI ( 6 PIÈCES ),,N,,,,,,,0.00,,,,N,Y,4.40,,
chirashi-assortiment,10159,Chirashi assortiment,CHIRASHI,,N,,,,,,,0.00,,,,N,Y,17.50,,
chirashi-saumon-avocat,10157,Chirashi saumon avocat,CHIRASHI,,N,,,,,,,0.00,,,,N,Y,16.50,,
chirashi-thon-avocat,10158,Chirashi thon avocat,CHIRASHI,,N,,,,,,,0.00,,,,N,Y,18.50,,
coca-cola-33cl,10182,Coca-Cola 33CL,BOISSONS,,N,,,,,,,0.00,,,,N,Y,2.50,,
coca-cola-zéro-33cl,10183,Coca-Cola Zéro 33cl,BOISSONS,,N,,,,,,,0.00,,,,N,Y,2.50,,
crevette,10005,Crevette,SUSHI ( PAR PIÈCE ),,N,,,,,,,0.00,,,,N,Y,2.00,,
crevette-1,10024,Crevette,TEMAKI( 1 PIÈCE ),<p>( crevette aux l&eacute;gumes: asperge concombre avocat takuan )</p>,N,,,,,,,0.00,,,,N,Y,4.80,,
crevette-2,10027,Crevette,MAKI ( 6 PIÈCES ),,N,,,,,,,0.00,,,,N,Y,4.80,,
crevette-avocat,10058,Crevette avocat,SPRING ROLLS ( 6 PIÈCES),,N,,,,,,,0.00,,,,N,Y,6.00,,
crevette-avocat-1,10078,Crevette avocat,CALIFORNIA ROLLS ( 6 PIÈCES ),,N,,,,,,,0.00,,,,N,Y,6.20,,
crevette-cheese-avocat,10067,Crevette cheese avocat,SPRING ROLLS ( 6 PIÈCES),,N,,,,,,,0.00,,,,N,Y,6.20,,
crevette-cheese-avocat-1,10084,Crevette cheese avocat,CALIFORNIA ROLLS ( 6 PIÈCES ),,N,,,,,,,0.00,,,,N,Y,6.20,,
crunch-chicken,10117,Crunch chicken,SPÉCIAL ROLL ( 8 PIÈCES ),<p>( poulet avocat concombre takuan oignon-frits )</p>,N,,,,,,,0.00,,,,N,Y,10.90,,
crunch-roll,10103,Crunch Roll,SPÉCIAL ROLL ( 8 PIÈCES ),<p>( avocat surimi concombre takuan oignon-frits )</p>,N,,,,,,,0.00,,,,N,Y,9.90,,
crunch-saumon,10105,Crunch Saumon,SPÉCIAL ROLL ( 8 PIÈCES ),<p>( avocat saumon concombre takuan oignon-frits )</p>,N,,,,,,,0.00,,,,N,Y,10.90,,
crunch-tempura-crevette,10115,Crunch tempura crevette,SPÉCIAL ROLL ( 8 PIÈCES ),<p>( tempura-crevette avocat concombre takuan oignon-frits )</p>,N,,,,,,,0.00,,,,N,Y,10.90,,
crunch-veggie,10104,Crunch veggie,SPÉCIAL ROLL ( 8 PIÈCES ),<p>( avocat carotte concombre takuan oignon-frits )</p>,N,,,,,,,0.00,,,,N,Y,8.90,,
dragon-eyes-(-saumon-crevette-avocat-),10122,Dragon eyes ( saumon crevette avocat ),HOT ROLL ( FRIT CHAUD DE SUSHI ),,N,,,,,,,0.00,,,,N,Y,8.50,,
dragon-vert,10107,Dragon vert,SPÉCIAL ROLL ( 8 PIÈCES ),<p>( tempura-crevette concombre avocat takuan masago )&nbsp;</p>,N,,,,,,,0.00,,,,N,Y,11.90,,
dream-roll,10121,Dream roll,SPÉCIAL ROLL ( 8 PIÈCES ),<p>( saumon avocat cheese mangue ikura )</p>,N,,,,,,,0.00,,,,N,Y,11.90,,
eau-spa-plate-/-pétillante,10187,Eau SPA plate / pétillante,BOISSONS,,N,,,,,,,0.00,,,,N,Y,2.50,,
edamame,10148,Edamame,SALADE,,N,,,,,,,0.00,,,,N,Y,3.50,,
fanta-orange-33cl,10185,Fanta orange 33cl,BOISSONS,,N,,,,,,,0.00,,,,N,Y,2.50,,
flower-cheese-mangue-ikura,10136,Flower cheese mangue ikura,TULIPE ( PAR PIÈCE ),,N,,,,,,,0.00,,,,N,Y,3.00,,
flower-cheese-masago,10134,Flower cheese masago,TULIPE ( PAR PIÈCE ),,N,,,,,,,0.00,,,,N,Y,2.60,,
foie-gras-confiture-et-noix-cajou,10064,Foie gras confiture et noix cajou,SPRING ROLLS ( 6 PIÈCES),,N,,,,,,,0.00,,,,N,Y,8.80,,
foie-gras-mangue-1,10090,Foie gras mangue,CALIFORNIA ROLLS ( 6 PIÈCES ),,N,,,,,,,0.00,,,,N,Y,8.60,,
foie-gras-oignons-frits-miel,10091,Foie gras oignons-frits miel,CALIFORNIA ROLLS ( 6 PIÈCES ),,N,,,,,,,0.00,,,,N,Y,8.60,,
foie-gras-mangue,10017,Foie-gras mangue,SUSHI ( PAR PIÈCE ),,N,,,,,,,0.00,,,,N,Y,2.90,,
french-roll,10111,French roll,SPÉCIAL ROLL ( 8 PIÈCES ),<p>( foie-gras tempura-crevette mangue )</p>,N,,,,,,,0.00,,,,N,Y,12.90,,
futomaki,10110,Futomaki,SPÉCIAL ROLL ( 8 PIÈCES ),<p>( crevette avocat poivron-rouge omelette radis jaune concombre carotte )</p>,N,,,,,,,0.00,,,,N,Y,10.90,,
gourmet-roll,10113,Gourmet roll,SPÉCIAL ROLL ( 8 PIÈCES ),<p>( tempura-crevette concombre avocat saumon-grill&eacute; takuan masago )</p>,N,,,,,,,0.00,,,,N,Y,11.90,,
gyoza-crevettes-(raviolis-grillés-japonais)-6pcs,10152,Gyoza crevettes (Raviolis grillés japonais) 6pcs,ENTRÉE,,N,,,,,,,0.00,,,,N,Y,8.00,,
gyoza-poulet-(raviolis-grillés-japonais)-6pcs,10151,Gyoza poulet (Raviolis grillés japonais) 6pcs,ENTRÉE,,N,,,,,,,0.00,,,,N,Y,6.50,,
happy-mix-(40pcs),10174,Happy Mix (40pcs),PLATEAU,,N,,,,,,,0.00,,,,N,Y,37.80,,
hawaii,10126,Hawaii,POKE BOWL,<p>( saumon avocat mangue tomate-cerise salade-chou edamame mais ikura sauce )</p>,N,,,,,,,0.00,,,,N,Y,13.80,,
hokkigai-(par-2),10006,Hokkigai (par 2),SUSHI ( PAR PIÈCE ),,N,,,,,,,0.00,,,,N,Y,4.80,,
honolulu,10127,Honolulu,POKE BOWL,<p>( spicy-saumon avocat mangue tomate-cerise wakame takuan mssago sauce )</p>,N,,,,,,,0.00,,,,N,Y,13.80,,
ice-tea-33cl,10184,Ice Tea 33cl,BOISSONS,,N,,,,,,,0.00,,,,N,Y,2.50,,
ikura,10002,Ikura ( oeufs de saumon ),GUNKAN ( PAR PIÈCE ),<p>( Oeufs de saumon )</p>,N,,,,,,,0.00,,,,N,Y,3.00,,
ikura-flower,10135,Ikura flower,TULIPE ( PAR PIÈCE ),,N,,,,,,,0.00,,,,N,Y,3.00,,
inari,10016,Inari,SUSHI ( PAR PIÈCE ),,N,,,,,,,0.00,,,,N,Y,1.90,,
kappa-(concombre-),10031,Kappa (concombre ),MAKI ( 6 PIÈCES ),,N,,,,,,,0.00,,,,N,Y,4.00,,
limenade-japonais,10181,Limenade japonais,BOISSONS,,N,,,,,,,0.00,,,,N,Y,4.20,,
lychees,10186,Lychees,BOISSONS,,N,,,,,,,0.00,,,,N,Y,3.50,,
maki-mix-(18pcs),10164,Maki mix (18pcs),PLATEAU,,N,,,,,,,0.00,,,,N,Y,16.50,,
mangue-cheese,10137,Mangue cheese,TULIPE ( PAR PIÈCE ),,N,,,,,,,0.00,,,,N,Y,2.20,,
mangue-roll,10108,Mangue Roll,SPÉCIAL ROLL ( 8 PIÈCES ),<p>( poulet-pan&eacute; cheese avocat mangue )</p>,N,,,,,,,0.00,,,,N,Y,11.90,,
masago,10019,Masago,GUNKAN ( PAR PIÈCE ),,N,,,,,,,0.00,,,,N,Y,2.60,,
masago-roll,10106,Masago Roll,SPÉCIAL ROLL ( 8 PIÈCES ),<p>( surimi avocat concombre takuan masago )</p>,N,,,,,,,0.00,,,,N,Y,10.90,,
mega-california-(24pcs),10172,Mega california (24pcs),PLATEAU,,N,,,,,,,0.00,,,,N,Y,23.80,,
menu-lunch-a-(12pcs),10139,Menu Lunch A (12pcs),LUNCH,,N,,,,,,,0.00,,,,N,Y,7.80,,
menu-lunch-b-(14pcs),10140,Menu Lunch B (14pcs),LUNCH,,N,,,,,,,0.00,,,,N,Y,12.80,,
menu-lunch-c-(20pcs),10141,Menu Lunch C (20pcs),LUNCH,,N,,,,,,,0.00,,,,N,Y,14.50,,
menu-lunch-d-(20pcs),10142,Menu Lunch D (20pcs),LUNCH,,N,,,,,,,0.00,,,,N,Y,15.50,,
menu-lunch-e-(14pcs),10143,Menu Lunch E (14pcs),LUNCH,,N,,,,,,,0.00,,,,N,Y,15.50,,
nem-4pcs,10154,Nem 4pcs,ENTRÉE,,N,,,,,,,0.00,,,,N,Y,5.50,,
octopus,10007,Octopus,SUSHI ( PAR PIÈCE ),,N,,,,,,,0.00,,,,N,Y,2.00,,
omelette-avocat-cheese,10062,Omelette avocat cheese,SPRING ROLLS ( 6 PIÈCES),,N,,,,,,,0.00,,,,N,Y,6.00,,
phila-roll,10112,Phila roll,SPÉCIAL ROLL ( 8 PIÈCES ),<p>( philadelphia avocat saumon fines-herbes )</p>,N,,,,,,,0.00,,,,N,Y,11.90,,
plateau-california-(18pcs),10166,Plateau california (18pcs),PLATEAU,,N,,,,,,,0.00,,,,N,Y,16.50,,
plateau-classic-(16pcs),10168,Plateau classic (16pcs),PLATEAU,,N,,,,,,,0.00,,,,N,Y,21.80,,
plateau-decouverte-(47pcs),10178,Plateau decouverte (47pcs),PLATEAU,,N,,,,,,,0.00,,,,N,Y,55.80,,
plateau-duo-(14pcs),10169,Plateau duo (14pcs),PLATEAU,,N,,,,,,,0.00,,,,N,Y,22.80,,
plateau-fujiyama-(60pcs),10180,Plateau Fujiyama (60pcs),PLATEAU,,N,,,,,,,0.00,,,,N,Y,75.80,,
plateau-gourmet-(30pcs),10173,Plateau gourmet (30pcs),PLATEAU,,N,,,,,,,0.00,,,,N,Y,28.80,,
plateau-maki-party-(67pcs),10176,Plateau maki party (67pcs),PLATEAU,,N,,,,,,,0.00,,,,N,Y,46.80,,
plateau-mix-(14pcs),10167,Plateau mix (14pcs),PLATEAU,,N,,,,,,,0.00,,,,N,Y,19.80,,
plateau-party-(68pcs),10179,Plateau party (68pcs),PLATEAU,,N,,,,,,,0.00,,,,N,Y,65.80,,
plateau-sakura-(51pcs),10175,Plateau sakura (51pcs),PLATEAU,,N,,,,,,,0.00,,,,N,Y,47.80,,
plateau-saumon-(16pcs),10165,Plateau saumon (16pcs),PLATEAU,,N,,,,,,,0.00,,,,N,Y,17.80,,
plateau-saumon-thon-(20pcs),10170,Plateau saumon thon (20pcs),PLATEAU,,N,,,,,,,0.00,,,,N,Y,24.80,,
plateau-simple-(14pcs),10163,Plateau simple (14pcs),PLATEAU,,N,,,,,,,0.00,,,,N,Y,15.80,,
plateau-sushi-mix-(37pcs),10177,Plateau sushi mix (37pcs),PLATEAU,,N,,,,,,,0.00,,,,N,Y,51.80,,
plateau-veggie-(24pcs),10171,Plateau veggie (24pcs),PLATEAU,,N,,,,,,,0.00,,,,N,Y,19.80,,
poké-chicken,10128,Poké Chicken,POKE BOWL,<p>( poulet-pan&eacute; avocat mangue tomate-cerise oignon-frits ma&iuml;s salade-chou&nbsp;)</p>,N,,,,,,,0.00,,,,N,Y,13.80,,
poké-tempura-crevette,10129,Poké Tempura Crevette,POKE BOWL,<p>( tempura crevette avocat mangue oignon frits tomate omelette wakame )</p>,N,,,,,,,0.00,,,,N,Y,14.80,,
potage-piquant,10145,Potage piquant,POTAGE,,N,,,,,,,0.00,,,,N,Y,4.00,,
poulet,10044,Poulet,MAKI ( 6 PIÈCES ),,N,,,,,,,0.00,,,,N,Y,4.50,,
poulet-avocat-cheese,10061,Poulet avocat cheese,SPRING ROLLS ( 6 PIÈCES),,N,,,,,,,0.00,,,,N,Y,6.40,,
poulet-avocat-cheese-1,10085,Poulet avocat cheese,CALIFORNIA ROLLS ( 6 PIÈCES ),,N,,,,,,,0.00,,,,N,Y,6.40,,
poulet-cheese,10072,Poulet cheese,SPRING ROLLS ( 6 PIÈCES),,N,,,,,,,0.00,,,,N,Y,6.40,,
poulet-cheese-1,10097,Poulet cheese,CALIFORNIA ROLLS ( 6 PIÈCES ),,N,,,,,,,0.00,,,,N,Y,6.40,,
poulet-cheese-mangue,10073,Poulet cheese mangue,SPRING ROLLS ( 6 PIÈCES),,N,,,,,,,0.00,,,,N,Y,6.40,,
poulet-cheese-mangue-1,10098,Poulet cheese mangue,CALIFORNIA ROLLS ( 6 PIÈCES ),,N,,,,,,,0.00,,,,N,Y,6.40,,
poulet-mangue,10069,Poulet mangue,SPRING ROLLS ( 6 PIÈCES),,N,,,,,,,0.00,,,,N,Y,6.20,,
poulet-mangue-1,10087,Poulet mangue,CALIFORNIA ROLLS ( 6 PIÈCES ),,N,,,,,,,0.00,,,,N,Y,6.20,,
poulet-pané-spicy,10086,Poulet pané spicy,CALIFORNIA ROLLS ( 6 PIÈCES ),,N,,,,,,,0.00,,,,N,Y,6.20,,
poulet-spicy,10068,Poulet spicy,SPRING ROLLS ( 6 PIÈCES),,N,,,,,,,0.00,,,,N,Y,6.20,,
rainbow-roll,10109,Rainbow Roll,SPÉCIAL ROLL ( 8 PIÈCES ),<p>( crevette concombre takuan mayo-spicy saumon thon avocat mangue )</p>,N,,,,,,,0.00,,,,N,Y,11.90,,
saké-japonais,10192,Saké-japonais,BOISSONS,,N,,,,,,,0.00,,,,N,Y,7.80,,
salade-choux,10146,Salade choux,SALADE,,N,,,,,,,0.00,,,,N,Y,3.50,,
salade-wakame,10147,Salade wakame,SALADE,,N,,,,,,,0.00,,,,N,Y,4.50,,
sashimi-saumon-thon-(-6-pièces-),10051,Sashimi Saumon thon ( 6 pièces ),SASHIMI ( fines tranches de poisson cru ),,N,,,,,,,0.00,,,,N,Y,10.50,,
saumon,10000,Saumon,SUSHI ( PAR PIÈCE ),,N,,,,,,,0.00,,,,N,Y,2.00,,
saumon-2,10025,Saumon,MAKI ( 6 PIÈCES ),,N,,,,,,,0.00,,,,N,Y,4.80,,
saumon-3,10130,Saumon,TULIPE ( PAR PIÈCE ),,N,,,,,,,0.00,,,,N,Y,2.10,,
saumon-(-6-pièces),10049,Saumon ( 6 pièces),SASHIMI ( fines tranches de poisson cru ),,N,,,,,,,0.00,,,,N,Y,9.50,,
saumon-1,10004,Saumon ( suamon mangue avocat concombre masago ),TEMAKI( 1 PIÈCE ),<p>( Saumon mangue avocat concombre masago )</p>,N,,,,,,,0.00,,,,N,Y,4.50,,
saumon-avocat,10052,Saumon avocat,SPRING ROLLS ( 6 PIÈCES),,N,,,,,,,0.00,,,,N,Y,6.20,,
saumon-avocat-1,10076,Saumon avocat,CALIFORNIA ROLLS ( 6 PIÈCES ),,N,,,,,,,0.00,,,,N,Y,6.20,,
saumon-cheese,10054,Saumon cheese,SPRING ROLLS ( 6 PIÈCES),,N,,,,,,,0.00,,,,N,Y,6.40,,
saumon-cheese-1,10081,Saumon cheese,CALIFORNIA ROLLS ( 6 PIÈCES ),,N,,,,,,,0.00,,,,N,Y,6.40,,
saumon-cheese-avocat,10094,Saumon cheese avocat,CALIFORNIA ROLLS ( 6 PIÈCES ),,N,,,,,,,0.00,,,,N,Y,6.40,,
saumon-cheese-mangue,10093,Saumon cheese mangue,CALIFORNIA ROLLS ( 6 PIÈCES ),,N,,,,,,,0.00,,,,N,Y,6.40,,
saumon-classique,10123,Saumon Classique,POKE BOWL,<p>( saumon avocat mangue tomate-cerise oignon edamame salade-chou sauce )</p>,N,,,,,,,0.00,,,,N,Y,13.80,,
saumon-mangue,10053,Saumon mangue,SPRING ROLLS ( 6 PIÈCES),,N,,,,,,,0.00,,,,N,Y,6.20,,
saumon-mangue-1,10079,Saumon mangue,CALIFORNIA ROLLS ( 6 PIÈCES ),,N,,,,,,,0.00,,,,N,Y,6.20,,
saumon-mi-cuit,10008,Saumon mi-cuit,SUSHI ( PAR PIÈCE ),,N,,,,,,,0.00,,,,N,Y,2.30,,
saumon-roll-cheese,10035,Saumon roll cheese,MAKI ( 6 PIÈCES ),,N,,,,,,,0.00,,,,N,Y,6.20,,
saumon-roll-cheese-mangue,10036,Saumon roll cheese mangue,MAKI ( 6 PIÈCES ),,N,,,,,,,0.00,,,,N,Y,6.20,,
saumon-spicy,10028,Saumon spicy,MAKI ( 6 PIÈCES ),,N,,,,,,,0.00,,,,N,Y,4.80,,
saumon-spicy-wakame,10092,Saumon spicy wakame,CALIFORNIA ROLLS ( 6 PIÈCES ),,N,,,,,,,0.00,,,,N,Y,6.20,,
soja-choco-banane,10040,Soja choco-banane,MAKI ( 6 PIÈCES ),<p>( nutella banane poudre coco )</p>,N,,,,,,,0.00,,,,N,Y,5.20,,
soja-roll-mangue,10118,Soja Roll mangue,SPÉCIAL ROLL ( 8 PIÈCES ),<p>( feuille soja tempura-crevette avocat mangue masago spicy-mayo )</p>,N,,,,,,,0.00,,,,N,Y,10.90,,
soupe-miso-au-tofu,10144,Soupe miso au tofu,POTAGE,,N,,,,,,,0.00,,,,N,Y,3.00,,
soya-cheese-saumon,10041,Soya cheese saumon,MAKI ( 6 PIÈCES ),,N,,,,,,,0.00,,,,N,Y,5.50,,
soya-saumon-avocat,10042,Soya saumon avocat,MAKI ( 6 PIÈCES ),,N,,,,,,,0.00,,,,N,Y,5.50,,
spicy-saumon-roll,10119,Spicy saumon roll,SPÉCIAL ROLL ( 8 PIÈCES ),<p>( saumon concombre avocat takuan wakame mayo-spicy )</p>,N,,,,,,,0.00,,,,N,Y,10.90,,
st-jacque-grillé,10060,St-jacque grillé,SPRING ROLLS ( 6 PIÈCES),,N,,,,,,,0.00,,,,N,Y,8.00,,
st-jacque-mi-cuit-(par-2),10013,St-Jacque mi-cuit (par 2),SUSHI ( PAR PIÈCE ),,N,,,,,,,0.00,,,,N,Y,5.00,,
surimi,10015,Surimi,SUSHI ( PAR PIÈCE ),,N,,,,,,,0.00,,,,N,Y,2.00,,
surimi-1,10046,Surimi,MAKI ( 6 PIÈCES ),,N,,,,,,,0.00,,,,N,Y,4.20,,
surimi-2,10132,Surimi,TULIPE ( PAR PIÈCE ),,N,,,,,,,0.00,,,,N,Y,2.00,,
surimi-avocat,10102,Surimi avocat,CALIFORNIA ROLLS ( 6 PIÈCES ),,N,,,,,,,0.00,,,,N,Y,5.50,,
takuan-(-pickle-de-radis-japonais-),10033,Takuan ( pickle de radis Japonais ),MAKI ( 6 PIÈCES ),,N,,,,,,,0.00,,,,N,Y,4.00,,
tamago-(omelette),10011,Tamago (omelette),SUSHI ( PAR PIÈCE ),,N,,,,,,,0.00,,,,N,Y,1.90,,
tartare-saumon,10003,Tartare saumon,GUNKAN ( PAR PIÈCE ),,N,,,,,,,0.00,,,,N,Y,2.50,,
tartare-saumon-mangue,10021,Tartare saumon mangue,GUNKAN ( PAR PIÈCE ),,N,,,,,,,0.00,,,,N,Y,2.60,,
tartare-thon,10018,Tartare thon,GUNKAN ( PAR PIÈCE ),,N,,,,,,,0.00,,,,N,Y,2.70,,
tartare-thon-mangue,10022,Tartare thon mangue,GUNKAN ( PAR PIÈCE ),,N,,,,,,,0.00,,,,N,Y,2.80,,
tempura-crevette,10010,Tempura crevette,SUSHI ( PAR PIÈCE ),,N,,,,,,,0.00,,,,N,Y,2.50,,
tempura-crevette-1,10045,Tempura crevette,MAKI ( 6 PIÈCES ),,N,,,,,,,0.00,,,,N,Y,4.80,,
tempura-crevette-avocat,10071,Tempura crevette avocat,SPRING ROLLS ( 6 PIÈCES),,N,,,,,,,0.00,,,,N,Y,6.60,,
tempura-crevette-avocat-1,10096,Tempura crevette avocat,CALIFORNIA ROLLS ( 6 PIÈCES ),,N,,,,,,,0.00,,,,N,Y,6.40,,
tempura-crevette-cheese,10070,Tempura crevette cheese,SPRING ROLLS ( 6 PIÈCES),,N,,,,,,,0.00,,,,N,Y,6.60,,
tempura-crevette-cheese-1,10095,Tempura crevette cheese,CALIFORNIA ROLLS ( 6 PIÈCES ),,N,,,,,,,0.00,,,,N,Y,6.40,,
tempura-crevette-cheese-avocat,10074,Tempura crevette cheese avocat,SPRING ROLLS ( 6 PIÈCES),,N,,,,,,,0.00,,,,N,Y,6.60,,
tempura-crevette-cheese-avocat-1,10099,Tempura crevette cheese avocat,CALIFORNIA ROLLS ( 6 PIÈCES ),,N,,,,,,,0.00,,,,N,Y,6.40,,
tempura-crevette-cheese-mangue,10075,Tempura crevette cheese mangue,SPRING ROLLS ( 6 PIÈCES),,N,,,,,,,0.00,,,,N,Y,6.60,,
tempura-crevette-cheese-mangue-1,10100,Tempura crevette cheese mangue,CALIFORNIA ROLLS ( 6 PIÈCES ),,N,,,,,,,0.00,,,,N,Y,6.40,,
tempura-crevette-mangue,10065,Tempura crevette mangue,SPRING ROLLS ( 6 PIÈCES),,N,,,,,,,0.00,,,,N,Y,6.60,,
tempura-crevette-mangue-1,10088,Tempura crevette mangue,CALIFORNIA ROLLS ( 6 PIÈCES ),,N,,,,,,,0.00,,,,N,Y,6.40,,
tempura-crevette-spicy,10059,Tempura crevette spicy,SPRING ROLLS ( 6 PIÈCES),,N,,,,,,,0.00,,,,N,Y,6.60,,
tempura-crevette-spicy-1,10089,Tempura crevette spicy,CALIFORNIA ROLLS ( 6 PIÈCES ),,N,,,,,,,0.00,,,,N,Y,6.40,,
tempura-de-scampis-4pcs,10153,Tempura de scampis 4pcs,ENTRÉE,,N,,,,,,,0.00,,,,N,Y,7.50,,
thon,10001,Thon,SUSHI ( PAR PIÈCE ),,N,,,,,,,0.00,,,,N,Y,2.20,,
thon-1,10026,Thon,MAKI ( 6 PIÈCES ),,N,,,,,,,0.00,,,,N,Y,5.00,,
thon-2,10131,Thon,TULIPE ( PAR PIÈCE ),,N,,,,,,,0.00,,,,N,Y,2.30,,
thon-(-6-pièces),10050,Thon ( 6 pièces),SASHIMI ( fines tranches de poisson cru ),,N,,,,,,,0.00,,,,N,Y,10.50,,
thon-avocat,10055,Thon avocat,SPRING ROLLS ( 6 PIÈCES),,N,,,,,,,0.00,,,,N,Y,6.40,,
thon-avocat-1,10077,Thon avocat,CALIFORNIA ROLLS ( 6 PIÈCES ),,N,,,,,,,0.00,,,,N,Y,6.40,,
thon-classique,10124,Thon Classique,POKE BOWL,<p>( thon avocat mangue tomate-cerise oignon-frits edamame wakame sauce )</p>,N,,,,,,,0.00,,,,N,Y,14.80,,
thon-cuit-mayo-1,10037,Thon cuit mayo,MAKI ( 6 PIÈCES ),,N,,,,,,,0.00,,,,N,Y,4.50,,
thon-cuit-mayo-2,10138,Thon cuit mayo,TULIPE ( PAR PIÈCE ),,N,,,,,,,0.00,,,,N,Y,1.80,,
thon-mangue,10056,Thon mangue,SPRING ROLLS ( 6 PIÈCES),,N,,,,,,,0.00,,,,N,Y,6.40,,
thon-mangue-1,10080,Thon mangue,CALIFORNIA ROLLS ( 6 PIÈCES ),,N,,,,,,,0.00,,,,N,Y,6.40,,
thon-mi-cuit,10009,Thon mi-cuit,SUSHI ( PAR PIÈCE ),,N,,,,,,,0.00,,,,N,Y,2.50,,
thon-spicy,10029,Thon spicy,MAKI ( 6 PIÈCES ),,N,,,,,,,0.00,,,,N,Y,5.20,,
thon-spicy-1,10057,Thon spicy,SPRING ROLLS ( 6 PIÈCES),,N,,,,,,,0.00,,,,N,Y,6.40,,
thon-spicy-concombre,10082,Thon spicy concombre,CALIFORNIA ROLLS ( 6 PIÈCES ),,N,,,,,,,0.00,,,,N,Y,6.40,,
thon-cuit-mayo,10023,Thon-cuit mayo,TEMAKI( 1 PIÈCE ),<p>( Thon-cuit mayo concombre avocat oignon-frits )</p>,N,,,,,,,0.00,,,,N,Y,4.50,,
thon-cuit-mayo-concombre,10083,Thon-cuit mayo concombre,CALIFORNIA ROLLS ( 6 PIÈCES ),,N,,,,,,,0.00,,,,N,Y,5.80,,
thon-cuit-mayo-mangue,10101,Thon-cuit mayo mangue,CALIFORNIA ROLLS ( 6 PIÈCES ),,N,,,,,,,0.00,,,,N,Y,5.80,,
udon-au-boeuf,10161,Udon au boeuf,YAKI UDON ( NOUILLES JAPONAISES ),,N,,,,,,,0.00,,,,N,Y,12.00,,
udon-au-canard,10162,Udon au canard,YAKI UDON ( NOUILLES JAPONAISES ),,N,,,,,,,0.00,,,,N,Y,13.00,,
udon-au-poulet,10160,Udon au poulet,YAKI UDON ( NOUILLES JAPONAISES ),,N,,,,,,,0.00,,,,N,Y,11.00,,
veggie,10125,Veggie,POKE BOWL,<p>( oignon-frits avocat mangue tomate-cerise ma&iuml;s edamame salade-chou concombre inari takuan&nbsp;)</p>,N,,,,,,,0.00,,,,N,Y,11.80,,
wakamé,10020,Wakamé,GUNKAN ( PAR PIÈCE ),,N,,,,,,,0.00,,,,N,Y,1.80,,
wakame-roll,10116,Wakame roll,SPÉCIAL ROLL ( 8 PIÈCES ),<p>( avocat surimi concombre takuan wakame )</p>,N,,,,,,,0.00,,,,N,Y,10.90,,
yakitori-brochette-boeuf-fromage-3pcs,10150,Yakitori brochette boeuf fromage 3pcs,ENTRÉE,,N,,,,,,,0.00,,,,N,Y,7.20,,
yakitori-brochettes-de-poulet-3pcs,10149,Yakitori brochettes de poulet 3pcs,ENTRÉE,,N,,,,,,,0.00,,,,N,Y,6.50,,
